{
  "dsp_spec_version": "0.0.1",
  "last_updated_by": "Material",
  "last_updated": "Thu, 16 Mar 2023 20:44:39 GMT",
  "entities": [
    {
      "class": "collection",
      "type": "font",
      "id": "md.sys.typescale.display-large",
      "name": "md.sys.typescale.display-large",
      "description": "",
      "tags": [
        "display-large",
        "typography"
      ],
      "last_updated_by": "Material",
      "last_updated": "Thu, 16 Mar 2023 20:44:39 GMT",
      "tokens": [
        {
          "id": "md.sys.typescale.display-large.font",
          "type": "custom",
          "value": "Roboto",
          "key": "family"
        },
        {
          "id": "md.sys.typescale.display-large.line-height",
          "type": "size",
          "value": "64",
          "key": "line-height"
        },
        {
          "id": "md.sys.typescale.display-large.weight",
          "type": "custom",
          "value": "Regular",
          "key": "weight"
        },
        {
          "id": "md.sys.typescale.display-large.tracking",
          "type": "custom",
          "value": "-0.25",
          "key": "tracking"
        },
        {
          "id": "md.sys.typescale.display-large.size",
          "type": "custom",
          "value": "57",
          "key": "size"
        }
      ]
    },
    {
      "class": "collection",
      "type": "font",
      "id": "md.sys.typescale.display-medium",
      "name": "md.sys.typescale.display-medium",
      "description": "",
      "tags": [
        "display-medium",
        "typography"
      ],
      "last_updated_by": "Material",
      "last_updated": "Thu, 16 Mar 2023 20:44:39 GMT",
      "tokens": [
        {
          "id": "md.sys.typescale.display-medium.font",
          "type": "custom",
          "value": "Roboto",
          "key": "family"
        },
        {
          "id": "md.sys.typescale.display-medium.line-height",
          "type": "size",
          "value": "52",
          "key": "line-height"
        },
        {
          "id": "md.sys.typescale.display-medium.weight",
          "type": "custom",
          "value": "Regular",
          "key": "weight"
        },
        {
          "id": "md.sys.typescale.display-medium.tracking",
          "type": "custom",
          "value": "0",
          "key": "tracking"
        },
        {
          "id": "md.sys.typescale.display-medium.size",
          "type": "custom",
          "value": "45",
          "key": "size"
        }
      ]
    },
    {
      "class": "collection",
      "type": "font",
      "id": "md.sys.typescale.display-small",
      "name": "md.sys.typescale.display-small",
      "description": "",
      "tags": [
        "display-small",
        "typography"
      ],
      "last_updated_by": "Material",
      "last_updated": "Thu, 16 Mar 2023 20:44:39 GMT",
      "tokens": [
        {
          "id": "md.sys.typescale.display-small.font",
          "type": "custom",
          "value": "Roboto",
          "key": "family"
        },
        {
          "id": "md.sys.typescale.display-small.line-height",
          "type": "size",
          "value": "44",
          "key": "line-height"
        },
        {
          "id": "md.sys.typescale.display-small.weight",
          "type": "custom",
          "value": "Regular",
          "key": "weight"
        },
        {
          "id": "md.sys.typescale.display-small.tracking",
          "type": "custom",
          "value": "0",
          "key": "tracking"
        },
        {
          "id": "md.sys.typescale.display-small.size",
          "type": "custom",
          "value": "36",
          "key": "size"
        }
      ]
    },
    {
      "class": "collection",
      "type": "font",
      "id": "md.sys.typescale.headline-large",
      "name": "md.sys.typescale.headline-large",
      "description": "",
      "tags": [
        "headline-large",
        "typography"
      ],
      "last_updated_by": "Material",
      "last_updated": "Thu, 16 Mar 2023 20:44:39 GMT",
      "tokens": [
        {
          "id": "md.sys.typescale.headline-large.font",
          "type": "custom",
          "value": "Roboto",
          "key": "family"
        },
        {
          "id": "md.sys.typescale.headline-large.line-height",
          "type": "size",
          "value": "40",
          "key": "line-height"
        },
        {
          "id": "md.sys.typescale.headline-large.weight",
          "type": "custom",
          "value": "Regular",
          "key": "weight"
        },
        {
          "id": "md.sys.typescale.headline-large.tracking",
          "type": "custom",
          "value": "0",
          "key": "tracking"
        },
        {
          "id": "md.sys.typescale.headline-large.size",
          "type": "custom",
          "value": "32",
          "key": "size"
        }
      ]
    },
    {
      "class": "collection",
      "type": "font",
      "id": "md.sys.typescale.headline-medium",
      "name": "md.sys.typescale.headline-medium",
      "description": "",
      "tags": [
        "headline-medium",
        "typography"
      ],
      "last_updated_by": "Material",
      "last_updated": "Thu, 16 Mar 2023 20:44:39 GMT",
      "tokens": [
        {
          "id": "md.sys.typescale.headline-medium.font",
          "type": "custom",
          "value": "Roboto",
          "key": "family"
        },
        {
          "id": "md.sys.typescale.headline-medium.line-height",
          "type": "size",
          "value": "36",
          "key": "line-height"
        },
        {
          "id": "md.sys.typescale.headline-medium.weight",
          "type": "custom",
          "value": "Regular",
          "key": "weight"
        },
        {
          "id": "md.sys.typescale.headline-medium.tracking",
          "type": "custom",
          "value": "0",
          "key": "tracking"
        },
        {
          "id": "md.sys.typescale.headline-medium.size",
          "type": "custom",
          "value": "28",
          "key": "size"
        }
      ]
    },
    {
      "class": "collection",
      "type": "font",
      "id": "md.sys.typescale.headline-small",
      "name": "md.sys.typescale.headline-small",
      "description": "",
      "tags": [
        "headline-small",
        "typography"
      ],
      "last_updated_by": "Material",
      "last_updated": "Thu, 16 Mar 2023 20:44:39 GMT",
      "tokens": [
        {
          "id": "md.sys.typescale.headline-small.font",
          "type": "custom",
          "value": "Roboto",
          "key": "family"
        },
        {
          "id": "md.sys.typescale.headline-small.line-height",
          "type": "size",
          "value": "32",
          "key": "line-height"
        },
        {
          "id": "md.sys.typescale.headline-small.weight",
          "type": "custom",
          "value": "Regular",
          "key": "weight"
        },
        {
          "id": "md.sys.typescale.headline-small.tracking",
          "type": "custom",
          "value": "0",
          "key": "tracking"
        },
        {
          "id": "md.sys.typescale.headline-small.size",
          "type": "custom",
          "value": "24",
          "key": "size"
        }
      ]
    },
    {
      "class": "collection",
      "type": "font",
      "id": "md.sys.typescale.body-large",
      "name": "md.sys.typescale.body-large",
      "description": "",
      "tags": [
        "body-large",
        "typography"
      ],
      "last_updated_by": "Material",
      "last_updated": "Thu, 16 Mar 2023 20:44:39 GMT",
      "tokens": [
        {
          "id": "md.sys.typescale.body-large.font",
          "type": "custom",
          "value": "Roboto",
          "key": "family"
        },
        {
          "id": "md.sys.typescale.body-large.line-height",
          "type": "size",
          "value": "24",
          "key": "line-height"
        },
        {
          "id": "md.sys.typescale.body-large.weight",
          "type": "custom",
          "value": "Regular",
          "key": "weight"
        },
        {
          "id": "md.sys.typescale.body-large.tracking",
          "type": "custom",
          "value": "0.5",
          "key": "tracking"
        },
        {
          "id": "md.sys.typescale.body-large.size",
          "type": "custom",
          "value": "16",
          "key": "size"
        }
      ]
    },
    {
      "class": "collection",
      "type": "font",
      "id": "md.sys.typescale.body-medium",
      "name": "md.sys.typescale.body-medium",
      "description": "",
      "tags": [
        "body-medium",
        "typography"
      ],
      "last_updated_by": "Material",
      "last_updated": "Thu, 16 Mar 2023 20:44:39 GMT",
      "tokens": [
        {
          "id": "md.sys.typescale.body-medium.font",
          "type": "custom",
          "value": "Roboto",
          "key": "family"
        },
        {
          "id": "md.sys.typescale.body-medium.line-height",
          "type": "size",
          "value": "20",
          "key": "line-height"
        },
        {
          "id": "md.sys.typescale.body-medium.weight",
          "type": "custom",
          "value": "Regular",
          "key": "weight"
        },
        {
          "id": "md.sys.typescale.body-medium.tracking",
          "type": "custom",
          "value": "0.25",
          "key": "tracking"
        },
        {
          "id": "md.sys.typescale.body-medium.size",
          "type": "custom",
          "value": "14",
          "key": "size"
        }
      ]
    },
    {
      "class": "collection",
      "type": "font",
      "id": "md.sys.typescale.body-small",
      "name": "md.sys.typescale.body-small",
      "description": "",
      "tags": [
        "body-small",
        "typography"
      ],
      "last_updated_by": "Material",
      "last_updated": "Thu, 16 Mar 2023 20:44:39 GMT",
      "tokens": [
        {
          "id": "md.sys.typescale.body-small.font",
          "type": "custom",
          "value": "Roboto",
          "key": "family"
        },
        {
          "id": "md.sys.typescale.body-small.line-height",
          "type": "size",
          "value": "16",
          "key": "line-height"
        },
        {
          "id": "md.sys.typescale.body-small.weight",
          "type": "custom",
          "value": "Regular",
          "key": "weight"
        },
        {
          "id": "md.sys.typescale.body-small.tracking",
          "type": "custom",
          "value": "0.4000000059604645",
          "key": "tracking"
        },
        {
          "id": "md.sys.typescale.body-small.size",
          "type": "custom",
          "value": "12",
          "key": "size"
        }
      ]
    },
    {
      "class": "collection",
      "type": "font",
      "id": "md.sys.typescale.label-large",
      "name": "md.sys.typescale.label-large",
      "description": "",
      "tags": [
        "label-large",
        "typography"
      ],
      "last_updated_by": "Material",
      "last_updated": "Thu, 16 Mar 2023 20:44:39 GMT",
      "tokens": [
        {
          "id": "md.sys.typescale.label-large.font",
          "type": "custom",
          "value": "Roboto",
          "key": "family"
        },
        {
          "id": "md.sys.typescale.label-large.line-height",
          "type": "size",
          "value": "20",
          "key": "line-height"
        },
        {
          "id": "md.sys.typescale.label-large.weight",
          "type": "custom",
          "value": "Medium",
          "key": "weight"
        },
        {
          "id": "md.sys.typescale.label-large.tracking",
          "type": "custom",
          "value": "0.10000000149011612",
          "key": "tracking"
        },
        {
          "id": "md.sys.typescale.label-large.size",
          "type": "custom",
          "value": "14",
          "key": "size"
        }
      ]
    },
    {
      "class": "collection",
      "type": "font",
      "id": "md.sys.typescale.label-medium",
      "name": "md.sys.typescale.label-medium",
      "description": "",
      "tags": [
        "label-medium",
        "typography"
      ],
      "last_updated_by": "Material",
      "last_updated": "Thu, 16 Mar 2023 20:44:39 GMT",
      "tokens": [
        {
          "id": "md.sys.typescale.label-medium.font",
          "type": "custom",
          "value": "Roboto",
          "key": "family"
        },
        {
          "id": "md.sys.typescale.label-medium.line-height",
          "type": "size",
          "value": "16",
          "key": "line-height"
        },
        {
          "id": "md.sys.typescale.label-medium.weight",
          "type": "custom",
          "value": "Medium",
          "key": "weight"
        },
        {
          "id": "md.sys.typescale.label-medium.tracking",
          "type": "custom",
          "value": "0.5",
          "key": "tracking"
        },
        {
          "id": "md.sys.typescale.label-medium.size",
          "type": "custom",
          "value": "12",
          "key": "size"
        }
      ]
    },
    {
      "class": "collection",
      "type": "font",
      "id": "md.sys.typescale.label-small",
      "name": "md.sys.typescale.label-small",
      "description": "",
      "tags": [
        "label-small",
        "typography"
      ],
      "last_updated_by": "Material",
      "last_updated": "Thu, 16 Mar 2023 20:44:39 GMT",
      "tokens": [
        {
          "id": "md.sys.typescale.label-small.font",
          "type": "custom",
          "value": "Roboto",
          "key": "family"
        },
        {
          "id": "md.sys.typescale.label-small.line-height",
          "type": "size",
          "value": "16",
          "key": "line-height"
        },
        {
          "id": "md.sys.typescale.label-small.weight",
          "type": "custom",
          "value": "Medium",
          "key": "weight"
        },
        {
          "id": "md.sys.typescale.label-small.tracking",
          "type": "custom",
          "value": "0.5",
          "key": "tracking"
        },
        {
          "id": "md.sys.typescale.label-small.size",
          "type": "custom",
          "value": "11",
          "key": "size"
        }
      ]
    },
    {
      "class": "collection",
      "type": "font",
      "id": "md.sys.typescale.title-large",
      "name": "md.sys.typescale.title-large",
      "description": "",
      "tags": [
        "title-large",
        "typography"
      ],
      "last_updated_by": "Material",
      "last_updated": "Thu, 16 Mar 2023 20:44:39 GMT",
      "tokens": [
        {
          "id": "md.sys.typescale.title-large.font",
          "type": "custom",
          "value": "Roboto",
          "key": "family"
        },
        {
          "id": "md.sys.typescale.title-large.line-height",
          "type": "size",
          "value": "28",
          "key": "line-height"
        },
        {
          "id": "md.sys.typescale.title-large.weight",
          "type": "custom",
          "value": "Regular",
          "key": "weight"
        },
        {
          "id": "md.sys.typescale.title-large.tracking",
          "type": "custom",
          "value": "0",
          "key": "tracking"
        },
        {
          "id": "md.sys.typescale.title-large.size",
          "type": "custom",
          "value": "22",
          "key": "size"
        }
      ]
    },
    {
      "class": "collection",
      "type": "font",
      "id": "md.sys.typescale.title-medium",
      "name": "md.sys.typescale.title-medium",
      "description": "",
      "tags": [
        "title-medium",
        "typography"
      ],
      "last_updated_by": "Material",
      "last_updated": "Thu, 16 Mar 2023 20:44:39 GMT",
      "tokens": [
        {
          "id": "md.sys.typescale.title-medium.font",
          "type": "custom",
          "value": "Roboto",
          "key": "family"
        },
        {
          "id": "md.sys.typescale.title-medium.line-height",
          "type": "size",
          "value": "24",
          "key": "line-height"
        },
        {
          "id": "md.sys.typescale.title-medium.weight",
          "type": "custom",
          "value": "Medium",
          "key": "weight"
        },
        {
          "id": "md.sys.typescale.title-medium.tracking",
          "type": "custom",
          "value": "0.15000000596046448",
          "key": "tracking"
        },
        {
          "id": "md.sys.typescale.title-medium.size",
          "type": "custom",
          "value": "16",
          "key": "size"
        }
      ]
    },
    {
      "class": "collection",
      "type": "font",
      "id": "md.sys.typescale.title-small",
      "name": "md.sys.typescale.title-small",
      "description": "",
      "tags": [
        "title-small",
        "typography"
      ],
      "last_updated_by": "Material",
      "last_updated": "Thu, 16 Mar 2023 20:44:39 GMT",
      "tokens": [
        {
          "id": "md.sys.typescale.title-small.font",
          "type": "custom",
          "value": "Roboto",
          "key": "family"
        },
        {
          "id": "md.sys.typescale.title-small.line-height",
          "type": "size",
          "value": "20",
          "key": "line-height"
        },
        {
          "id": "md.sys.typescale.title-small.weight",
          "type": "custom",
          "value": "Medium",
          "key": "weight"
        },
        {
          "id": "md.sys.typescale.title-small.tracking",
          "type": "custom",
          "value": "0.10000000149011612",
          "key": "tracking"
        },
        {
          "id": "md.sys.typescale.title-small.size",
          "type": "custom",
          "value": "14",
          "key": "size"
        }
      ]
    }
  ],
  "categories": []
}